{
	"format_version": "1.12.0",
	"minecraft:geometry": [
		{
			"description": {
				"identifier": "geometry.main",
				"texture_width": 32,
				"texture_height": 32,
				"visible_bounds_width": 7,
				"visible_bounds_height": 3.5,
				"visible_bounds_offset": [0, 1.25, 0]
			},
			"bones": [
				{
					"name": "body",
					"pivot": [0, 0, 0],
					"rotation": [0, 180, 0],
					"cubes": [
						{
							"origin": [-16, 0, -13],
							"size": [32, 28, 32],
							"uv": {
								"north": {"uv": [0, 12.66667], "uv_size": [16, 12.66666]},
								"east": {"uv": [0, 12.66667], "uv_size": [16, 12.66666]},
								"south": {"uv": [0, 0], "uv_size": [16, 12.66667]},
								"west": {"uv": [0, 12.66667], "uv_size": [16, 12.66666]},
								"up": {"uv": [32, 32], "uv_size": [-16, -16]},
								"down": {"uv": [32, 28.66667], "uv_size": [-16, -12.66667]}
							}
						},
						{
							"origin": [-17, 15, 2],
							"size": [3, 9, 2],
							"pivot": [-16.5, 19.5, 3],
							"rotation": [0, 157.5, 0],
							"uv": {
								"north": {"uv": [24.66667, 10.66667], "uv_size": [1.33333, 3.33333]},
								"east": {"uv": [16.66667, 5.33333], "uv_size": [6.66666, 3.33334]},
								"south": {"uv": [24.66667, 7.33333], "uv_size": [1.33333, 3.33334]},
								"west": {"uv": [24.66667, 8.66667], "uv_size": [1.33333, 2.66666]},
								"up": {"uv": [26, 10.66667], "uv_size": [-1.33333, -2]},
								"down": {"uv": [26, 10.66667], "uv_size": [-1.33333, -2]}
							}
						},
						{
							"origin": [16, 15, 2],
							"size": [3, 9, 2],
							"pivot": [16.5, 21, 3],
							"rotation": [0, 22.5, 0],
							"uv": {
								"north": {"uv": [24.66667, 10.66667], "uv_size": [1.33333, 3.33333]},
								"east": {"uv": [16.66667, 5.33333], "uv_size": [6.66666, 3.33334]},
								"south": {"uv": [24.66667, 7.33333], "uv_size": [1.33333, 3.33334]},
								"west": {"uv": [24.66667, 8.66667], "uv_size": [1.33333, 2.66666]},
								"up": {"uv": [26, 10.66667], "uv_size": [-1.33333, -2]},
								"down": {"uv": [26, 10.66667], "uv_size": [-1.33333, -2]}
							}
						},
						{
							"origin": [-8, 27, -5],
							"size": [16, 6, 16],
							"pivot": [14, 27, 11],
							"rotation": [10, 0, 0],
							"uv": {
								"north": {"uv": [16.66667, 5.33333], "uv_size": [6.66666, 3.33334]},
								"east": {"uv": [16.66667, 5.33333], "uv_size": [6.66666, 3.33334]},
								"south": {"uv": [16.66667, 5.33333], "uv_size": [6.66666, 3.33334]},
								"west": {"uv": [16.66667, 5.33333], "uv_size": [6.66666, 3.33334]},
								"up": {"uv": [28, 4], "uv_size": [-4, -4]},
								"down": {"uv": [16, 12.66667], "uv_size": [-16, -12.66667]}
							}
						}
					]
				},
				{
					"name": "tail",
					"parent": "body",
					"pivot": [0, 10.5, -13],
					"cubes": [
						{
							"origin": [-9, 4, -28],
							"size": [18, 13, 15],
							"uv": {
								"north": {"uv": [0, 18], "uv_size": [10, 7.33333]},
								"east": {"uv": [0, 18], "uv_size": [10, 7.33333]},
								"south": {"uv": [0, 0], "uv_size": [16, 12.66667]},
								"west": {"uv": [0, 18], "uv_size": [10, 7.33333]},
								"up": {"uv": [26, 24], "uv_size": [-10, -8]},
								"down": {"uv": [26, 24], "uv_size": [-10, -8]}
							}
						}
					]
				},
				{
					"name": "tail1",
					"parent": "tail",
					"pivot": [14, -3, -28],
					"cubes": [
						{
							"origin": [-6, 8, -35],
							"size": [12, 7, 7],
							"uv": {
								"north": {"uv": [10, 20.66667], "uv_size": [6, 4.66666]},
								"east": {"uv": [10, 20.66667], "uv_size": [6, 4.66666]},
								"south": {"uv": [0, 0], "uv_size": [16, 12.66667]},
								"west": {"uv": [10, 20.66667], "uv_size": [6, 4.66666]},
								"up": {"uv": [22.66667, 21.33333], "uv_size": [-6.66667, -5.33333]},
								"down": {"uv": [22.66667, 21.33333], "uv_size": [-6.66667, -5.33333]}
							}
						}
					]
				},
				{
					"name": "tail2",
					"parent": "tail1",
					"pivot": [0, 14.5, -34.5],
					"cubes": [
						{
							"origin": [-2, 7, -41],
							"size": [5, 15, 7],
							"uv": {
								"north": {"uv": [24.66667, 8.66667], "uv_size": [1.33333, 2.66666]},
								"east": {"uv": [26, 11.33333], "uv_size": [-1.33333, -4]},
								"south": {"uv": [24.66667, 8.66667], "uv_size": [1.33333, 3.33333]},
								"west": {"uv": [24.66667, 11.33333], "uv_size": [1.33333, -4]},
								"up": {"uv": [26, 11.33333], "uv_size": [-1.33333, -2.66666]},
								"down": {"uv": [26, 11.33333], "uv_size": [-1.33333, -2.66666]}
							}
						}
					]
				},
				{
					"name": "fin_l",
					"parent": "body",
					"pivot": [14, 0, 11],
					"cubes": [
						{
							"origin": [-27, 4, -8],
							"size": [13, 4, 23],
							"pivot": [-17, 7.5, 7.5],
							"rotation": [-21.78752, 28.39667, -52.33662],
							"uv": {
								"north": {"uv": [10, 23.33333], "uv_size": [5.33333, 2]},
								"east": {"uv": [0, 23.33333], "uv_size": [16, 2]},
								"south": {"uv": [10, 23.33333], "uv_size": [5.33333, 2]},
								"west": {"uv": [0, 23.33333], "uv_size": [16, 2]},
								"up": {"uv": [24, 4.66667], "uv_size": [-8, 7.33333]},
								"down": {"uv": [26, 24], "uv_size": [-10, -8]}
							}
						},
						{
							"origin": [-21, 4, -18],
							"size": [9, 4, 17],
							"pivot": [-15, 7.5, -8.5],
							"rotation": [-5.70553, 17.27988, -21.74972],
							"uv": {
								"north": {"uv": [10, 23.33333], "uv_size": [5.33333, 2]},
								"east": {"uv": [0, 23.33333], "uv_size": [16, 2]},
								"south": {"uv": [10, 23.33333], "uv_size": [5.33333, 2]},
								"west": {"uv": [0, 23.33333], "uv_size": [16, 2]},
								"up": {"uv": [24, 4.66667], "uv_size": [-8, 7.33333]},
								"down": {"uv": [26, 24], "uv_size": [-10, -8]}
							}
						}
					]
				},
				{
					"name": "fin_r",
					"parent": "body",
					"pivot": [18.1624, 4.53013, -1.86979],
					"cubes": [
						{
							"origin": [14, 4, -8],
							"size": [13, 4, 23],
							"pivot": [17, 7.5, 7.5],
							"rotation": [-21.78752, -28.39667, 52.33662],
							"uv": {
								"north": {"uv": [15.33333, 23.33333], "uv_size": [-5.33333, 2]},
								"east": {"uv": [16, 23.33333], "uv_size": [-16, 2]},
								"south": {"uv": [15.33333, 23.33333], "uv_size": [-5.33333, 2]},
								"west": {"uv": [16, 23.33333], "uv_size": [-16, 2]},
								"up": {"uv": [16, 4.66667], "uv_size": [8, 7.33333]},
								"down": {"uv": [16, 24], "uv_size": [10, -8]}
							}
						},
						{
							"origin": [12, 4, -18],
							"size": [9, 4, 17],
							"pivot": [15, 7.5, -8.5],
							"rotation": [-5.70553, -17.27988, 21.74972],
							"uv": {
								"north": {"uv": [15.33333, 23.33333], "uv_size": [-5.33333, 2]},
								"east": {"uv": [16, 23.33333], "uv_size": [-16, 2]},
								"south": {"uv": [15.33333, 23.33333], "uv_size": [-5.33333, 2]},
								"west": {"uv": [16, 23.33333], "uv_size": [-16, 2]},
								"up": {"uv": [16, 4.66667], "uv_size": [8, 7.33333]},
								"down": {"uv": [16, 24], "uv_size": [10, -8]}
							}
						}
					]
				}
			]
		}
	]
}
